epoch,time,train_loss,val_loss,train_ppl,val_ppl,val_bpc,train_bpc
1,17.092700242996216,15.486385560145635,15.45354224143715,5316817.989759088,5145032.486593973,22.294748755889493,22.34213164891656
2,16.709370136260986,8.606698673528676,8.608347140064659,5468.166643583959,5477.188167105943,12.419219729221975,12.41684149472544
3,17.440892696380615,7.862022566607822,7.879169185018681,2596.7672022270954,2641.6769029897923,11.367238309551587,11.342500968202225
4,17.006763458251953,7.753663407582593,7.7764259967695315,2330.0928780343274,2383.7400832747517,11.219011221379418,11.186171746841628
5,16.965694189071655,7.822463503238273,7.8485561967833695,2496.046859717256,2562.0325743120593,11.32307310323771,11.285429303656764
6,16.787174224853516,7.716248189462114,7.745086434025217,2244.5227396836553,2310.19319455503,11.173797789624567,11.132192997205435
7,17.734575748443604,7.699669367451638,7.726415604280203,2207.6179608556417,2267.460142894941,11.146861476142153,11.10827481290714
8,16.940199375152588,7.670793042261813,7.70244317705275,2144.781673491666,2213.749973336946,11.112276574263035,11.066615081756684
9,16.810206413269043,7.656201302213076,7.690021818299134,2113.712802555406,2186.42226572286,11.09435634158809,11.04556365075043
