epoch,time,train_loss,val_loss,train_ppl,val_ppl,val_bpc,train_bpc,memalloc_Gb,memcache_Gb,max_memalloc_Gb,max_memcache_Gb,asgd_triggered
1,391.4620397090912,6.508865519270911,6.512987344155701,671.0646756395261,673.8363950657707,9.39625454278601,9.390308006465311,0.431330304,4.879286272,4.75539712,4.879286272,False
2,392.03257274627686,6.423654959005879,6.432876333040631,616.2513764877208,621.960342731784,9.280678784329698,9.26737515373958,0.351638528,4.879286272,4.75539712,4.879286272,False
