epoch,time,train_loss,val_loss,train_ppl,val_ppl,val_bpc,train_bpc,memalloc_Gb,memcache_Gb,max_memalloc_Gb,max_memcache_Gb
1,54.851686239242554,7.374870246621306,7.383379010479076,1595.3848104990882,1609.0174794450322,10.651964283421824,10.639688732000126,0.430562304,1.651769344,1.569227776,1.651769344
2,57.009361743927,6.84516555104826,6.869182709920752,939.3287750018346,962.1618790217935,9.91013583056288,9.875486394561294,0.430562304,1.805910016,1.728611328,1.805910016
3,58.441832065582275,6.68209438334321,6.724571655978024,797.988657223548,832.6152543851372,9.70150618018198,9.640224429601245,0.430562304,1.805910016,1.728735744,1.805910016
4,58.990233182907104,6.600794681469406,6.660647527810064,735.6795879417667,781.0565292405765,9.609283157480913,9.522933752882157,0.430562304,1.805910016,1.728735744,1.805910016
