epoch,time,train_loss,val_loss,train_ppl,val_ppl,val_bpc,train_bpc,memalloc_Gb,memcache_Gb,max_memalloc_Gb,max_memcache_Gb
1,345.1729643344879,7.312477507046771,7.3125705166758,1498.8860937352995,1499.0255110583105,10.549809220559021,10.549675036028468,0.319394816,2.284191744,2.202035712,2.284191744
2,339.69868063926697,7.046354364178386,7.0537876784074,1148.6634914791243,1157.23368114958,10.17646450312203,10.165740497546462,0.717853696,3.210084352,3.15873024,3.210084352
3,340.09846568107605,6.908817327989289,6.922658945119313,1001.0626131809079,1015.0152795630827,9.987285729889255,9.967316497497887,1.275958272,3.769499648,3.716572672,3.769499648
